{"inputUnits":[34],"outputUnits":7,"inputs":{"0":{"dtype":"number","min":316.5643334342257,"max":484.4411285578856},"1":{"dtype":"number","min":129.4313331886574,"max":149.85212240535148},"2":{"dtype":"number","min":324.0101168448465,"max":497.8061004549439},"3":{"dtype":"number","min":114.53372174536275,"max":137.32298659534715},"4":{"dtype":"number","min":301.0132476925617,"max":471.5654940540098},"5":{"dtype":"number","min":115.62858001530518,"max":140.12472940932008},"6":{"dtype":"number","min":338.1604077523215,"max":509.2279665465475},"7":{"dtype":"number","min":122.34450461106923,"max":147.21440722370704},"8":{"dtype":"number","min":283.1791121871383,"max":451.3886509350633},"9":{"dtype":"number","min":122.60796351739538,"max":154.94585479676837},"10":{"dtype":"number","min":368.3018157542565,"max":532.7161679630391},"11":{"dtype":"number","min":164.43942153662965,"max":216.61336203532375},"12":{"dtype":"number","min":261.9564112910518,"max":414.92558023850586},"13":{"dtype":"number","min":169.8788767437256,"max":228.3997504102324},"14":{"dtype":"number","min":386.41092460290264,"max":530.5393276995385},"15":{"dtype":"number","min":98.89302690591495,"max":323.534606576663},"16":{"dtype":"number","min":182.8863177383155,"max":345.14235349658867},"17":{"dtype":"number","min":118.292236328125,"max":317.2333954928214},"18":{"dtype":"number","min":342.9071485136452,"max":604.338286104258},"19":{"dtype":"number","min":33.93280802646808,"max":418.5731158340186},"20":{"dtype":"number","min":88.81348013180738,"max":380.3652543631213},"21":{"dtype":"number","min":47.04012924699987,"max":324.1044152689259},"22":{"dtype":"number","min":347.61053193149974,"max":472.41332055997196},"23":{"dtype":"number","min":314.51821964851365,"max":389.7370247348242},"24":{"dtype":"number","min":280.7860966732627,"max":402.76606866490766},"25":{"dtype":"number","min":312.6814088579739,"max":387.6479156672606},"26":{"dtype":"number","min":347.4682307847527,"max":459.39254309001717},"27":{"dtype":"number","min":478.4696511311373,"max":542.2573082163552},"28":{"dtype":"number","min":255.64712732623659,"max":391.0544007656402},"29":{"dtype":"number","min":417.4449157714844,"max":529.7268242492081},"30":{"dtype":"number","min":354.3452334636368,"max":455.72407623945384},"31":{"dtype":"number","min":540.6449968958923,"max":561.5711481343468},"32":{"dtype":"number","min":185.33840841252436,"max":379.9231777228342},"33":{"dtype":"number","min":463.2056139970151,"max":560.2172983924315}},"outputs":{"0":{"dtype":"string","min":0,"max":1,"uniqueValues":["n","c","a","t","o","k","f"],"legend":{"n":[1,0,0,0,0,0,0],"c":[0,1,0,0,0,0,0],"a":[0,0,1,0,0,0,0],"t":[0,0,0,1,0,0,0],"o":[0,0,0,0,1,0,0],"k":[0,0,0,0,0,1,0],"f":[0,0,0,0,0,0,1]}}},"isNormalized":true}