{"inputUnits":[34],"outputUnits":6,"inputs":{"0":{"dtype":"number","min":270.63583225302295,"max":405.23907280340063},"1":{"dtype":"number","min":61.35703445642778,"max":304.69553391603466},"2":{"dtype":"number","min":285.1461732503731,"max":420.4104902776826},"3":{"dtype":"number","min":49.00077477765595,"max":285.45796176843476},"4":{"dtype":"number","min":249.9190677397432,"max":386.7692687869304},"5":{"dtype":"number","min":53.08942768773605,"max":289.0006254616304},"6":{"dtype":"number","min":313.16188165318897,"max":442.7299413253457},"7":{"dtype":"number","min":68.78352471959519,"max":290.25555645978005},"8":{"dtype":"number","min":224.0258916962681,"max":361.8111629374543},"9":{"dtype":"number","min":74.85022234405457,"max":298.40316497326825},"10":{"dtype":"number","min":341.45091735363934,"max":474.03379384537186},"11":{"dtype":"number","min":137.8729784930194,"max":346.77126224510386},"12":{"dtype":"number","min":178.48770052368877,"max":364.65949164496527},"13":{"dtype":"number","min":127.99794098554761,"max":344.5099971540722},"14":{"dtype":"number","min":379.5189376370019,"max":537.5653575874908},"15":{"dtype":"number","min":87.64082107395222,"max":305.5176828246832},"16":{"dtype":"number","min":56.45798354120979,"max":306.4879847595334},"17":{"dtype":"number","min":93.86902926260964,"max":394.67979386536},"18":{"dtype":"number","min":351.52594315378286,"max":621.1630421539961},"19":{"dtype":"number","min":0.9130811784234822,"max":322.79706661231796},"20":{"dtype":"number","min":-18.15769723516691,"max":325.3234220805921},"21":{"dtype":"number","min":-6.724199737489343,"max":442.745575486568},"22":{"dtype":"number","min":320.6088131910179,"max":495.1934528908534},"23":{"dtype":"number","min":299.1689255548964,"max":505.79315364012245},"24":{"dtype":"number","min":184.4775402522691,"max":398.4148815965559},"25":{"dtype":"number","min":304.3335430896305,"max":515.6492986548946},"26":{"dtype":"number","min":297.0977127342893,"max":481.0023659153988},"27":{"dtype":"number","min":400.0831013580976,"max":550.0478905869273},"28":{"dtype":"number","min":173.46441733674462,"max":398.8514805397792},"29":{"dtype":"number","min":358.23826267472947,"max":551.6761812503806},"30":{"dtype":"number","min":296.2925949245401,"max":476.27239591661714},"31":{"dtype":"number","min":499.4915788215503,"max":560.6744942469903},"32":{"dtype":"number","min":175.9745931346514,"max":400.8007565622906},"33":{"dtype":"number","min":443.1305868583813,"max":563.1862707305372}},"outputs":{"0":{"dtype":"string","min":0,"max":1,"uniqueValues":["c","a","t","o","m","y"],"legend":{"c":[1,0,0,0,0,0],"a":[0,1,0,0,0,0],"t":[0,0,1,0,0,0],"o":[0,0,0,1,0,0],"m":[0,0,0,0,1,0],"y":[0,0,0,0,0,1]}}},"isNormalized":true}